[{"model": "app.division", "pk": 1, "fields": {"name": "AFC"}}, {"model": "app.division", "pk": 2, "fields": {"name": "NFC"}}, {"model": "app.region", "pk": 1, "fields": {"name": "North"}}, {"model": "app.region", "pk": 2, "fields": {"name": "East"}}, {"model": "app.region", "pk": 3, "fields": {"name": "South"}}, {"model": "app.region", "pk": 4, "fields": {"name": "West"}}, {"model": "app.position", "pk": 1, "fields": {"name": "QB", "fullname": "Quarterback"}}, {"model": "app.position", "pk": 2, "fields": {"name": "RB", "fullname": "Running Back"}}, {"model": "app.position", "pk": 3, "fields": {"name": "FB", "fullname": "Fullback"}}, {"model": "app.position", "pk": 4, "fields": {"name": "WR", "fullname": "Wide Receiver"}}, {"model": "app.position", "pk": 5, "fields": {"name": "TE", "fullname": "Tight End"}}, {"model": "app.position", "pk": 6, "fields": {"name": "P", "fullname": "Punter"}}, {"model": "app.position", "pk": 7, "fields": {"name": "PK", "fullname": "Placekicker"}}, {"model": "app.position", "pk": 8, "fields": {"name": "LS", "fullname": "Long Snapper"}}, {"model": "app.position", "pk": 9, "fields": {"name": "C", "fullname": "Center"}}, {"model": "app.position", "pk": 10, "fields": {"name": "G", "fullname": "Guard"}}, {"model": "app.position", "pk": 11, "fields": {"name": "OT", "fullname": "Offensive Tackle"}}, {"model": "app.position", "pk": 12, "fields": {"name": "NT", "fullname": "Nose Tackle"}}, {"model": "app.position", "pk": 13, "fields": {"name": "DT", "fullname": "Defensive Tackle"}}, {"model": "app.position", "pk": 14, "fields": {"name": "DE", "fullname": "Defensive End"}}, {"model": "app.position", "pk": 15, "fields": {"name": "LB", "fullname": "Linebacker"}}, {"model": "app.position", "pk": 16, "fields": {"name": "CB", "fullname": "Cornerback"}}, {"model": "app.position", "pk": 17, "fields": {"name": "S", "fullname": "Safety"}}, {"model": "app.category", "pk": 1, "fields": {"name": "Passing", "sortkey": "passingYards"}}, {"model": "app.category", "pk": 2, "fields": {"name": "Rushing", "sortkey": "rushingYards"}}, {"model": "app.category", "pk": 3, "fields": {"name": "Receiving", "sortkey": "receivingYards"}}, {"model": "app.category", "pk": 4, "fields": {"name": "Defense", "sortkey": "totalTackles"}}, {"model": "app.category", "pk": 5, "fields": {"name": "Scoring", "sortkey": "totalPoints"}}, {"model": "app.category", "pk": 6, "fields": {"name": "Returning", "sortkey": "kickReturnYards"}}, {"model": "app.category", "pk": 7, "fields": {"name": "Kicking", "sortkey": "fieldGoalsMade"}}, {"model": "app.category", "pk": 8, "fields": {"name": "Punting", "sortkey": "puntYards"}}, {"model": "app.team", "pk": 1, "fields": {"uid": "s:20~l:28~t:2", "logo": "/static/app/logos/BUF.png", "division": 1, "region": 2}}, {"model": "app.team", "pk": 2, "fields": {"uid": "s:20~l:28~t:15", "logo": "/static/app/logos/MIA.png", "division": 1, "region": 2}}, {"model": "app.team", "pk": 3, "fields": {"uid": "s:20~l:28~t:17", "logo": "/static/app/logos/NE.png", "division": 1, "region": 2}}, {"model": "app.team", "pk": 4, "fields": {"uid": "s:20~l:28~t:20", "logo": "/static/app/logos/NYJ.png", "division": 1, "region": 2}}, {"model": "app.team", "pk": 5, "fields": {"uid": "s:20~l:28~t:33", "logo": "/static/app/logos/BAL.png", "division": 1, "region": 1}}, {"model": "app.team", "pk": 6, "fields": {"uid": "s:20~l:28~t:4", "logo": "/static/app/logos/CIN.png", "division": 1, "region": 1}}, {"model": "app.team", "pk": 7, "fields": {"uid": "s:20~l:28~t:5", "logo": "/static/app/logos/CLE.png", "division": 1, "region": 1}}, {"model": "app.team", "pk": 8, "fields": {"uid": "s:20~l:28~t:23", "logo": "/static/app/logos/PIT.png", "division": 1, "region": 1}}, {"model": "app.team", "pk": 9, "fields": {"uid": "s:20~l:28~t:34", "logo": "/static/app/logos/HOU.png", "division": 1, "region": 3}}, {"model": "app.team", "pk": 10, "fields": {"uid": "s:20~l:28~t:11", "logo": "/static/app/logos/IND.png", "division": 1, "region": 3}}, {"model": "app.team", "pk": 11, "fields": {"uid": "s:20~l:28~t:30", "logo": "/static/app/logos/JAX.png", "division": 1, "region": 3}}, {"model": "app.team", "pk": 12, "fields": {"uid": "s:20~l:28~t:10", "logo": "/static/app/logos/TEN.png", "division": 1, "region": 3}}, {"model": "app.team", "pk": 13, "fields": {"uid": "s:20~l:28~t:7", "logo": "/static/app/logos/DEN.png", "division": 1, "region": 4}}, {"model": "app.team", "pk": 14, "fields": {"uid": "s:20~l:28~t:12", "logo": "/static/app/logos/KC.png", "division": 1, "region": 4}}, {"model": "app.team", "pk": 15, "fields": {"uid": "s:20~l:28~t:13", "logo": "/static/app/logos/LV.png", "division": 1, "region": 4}}, {"model": "app.team", "pk": 16, "fields": {"uid": "s:20~l:28~t:24", "logo": "/static/app/logos/LAC.png", "division": 1, "region": 4}}, {"model": "app.team", "pk": 17, "fields": {"uid": "s:20~l:28~t:6", "logo": "/static/app/logos/DAL.png", "division": 2, "region": 2}}, {"model": "app.team", "pk": 18, "fields": {"uid": "s:20~l:28~t:19", "logo": "/static/app/logos/NYG.png", "division": 2, "region": 2}}, {"model": "app.team", "pk": 19, "fields": {"uid": "s:20~l:28~t:21", "logo": "/static/app/logos/PHI.png", "division": 2, "region": 2}}, {"model": "app.team", "pk": 20, "fields": {"uid": "s:20~l:28~t:28", "logo": "/static/app/logos/WSH.png", "division": 2, "region": 2}}, {"model": "app.team", "pk": 21, "fields": {"uid": "s:20~l:28~t:3", "logo": "/static/app/logos/CHI.png", "division": 2, "region": 1}}, {"model": "app.team", "pk": 22, "fields": {"uid": "s:20~l:28~t:8", "logo": "/static/app/logos/DET.png", "division": 2, "region": 1}}, {"model": "app.team", "pk": 23, "fields": {"uid": "s:20~l:28~t:9", "logo": "/static/app/logos/GB.png", "division": 2, "region": 1}}, {"model": "app.team", "pk": 24, "fields": {"uid": "s:20~l:28~t:16", "logo": "/static/app/logos/MIN.png", "division": 2, "region": 1}}, {"model": "app.team", "pk": 25, "fields": {"uid": "s:20~l:28~t:1", "logo": "/static/app/logos/ATL.png", "division": 2, "region": 3}}, {"model": "app.team", "pk": 26, "fields": {"uid": "s:20~l:28~t:29", "logo": "/static/app/logos/CAR.png", "division": 2, "region": 3}}, {"model": "app.team", "pk": 27, "fields": {"uid": "s:20~l:28~t:18", "logo": "/static/app/logos/NO.png", "division": 2, "region": 3}}, {"model": "app.team", "pk": 28, "fields": {"uid": "s:20~l:28~t:27", "logo": "/static/app/logos/TB.png", "division": 2, "region": 3}}, {"model": "app.team", "pk": 29, "fields": {"uid": "s:20~l:28~t:22", "logo": "/static/app/logos/ARI.png", "division": 2, "region": 4}}, {"model": "app.team", "pk": 30, "fields": {"uid": "s:20~l:28~t:14", "logo": "/static/app/logos/LAR.png", "division": 2, "region": 4}}, {"model": "app.team", "pk": 31, "fields": {"uid": "s:20~l:28~t:25", "logo": "/static/app/logos/SF.png", "division": 2, "region": 4}}, {"model": "app.team", "pk": 32, "fields": {"uid": "s:20~l:28~t:26", "logo": "/static/app/logos/SEA.png", "division": 2, "region": 4}}]